gene,class,delta_a_vs_wt,q_a_vs_wt,delta_b_vs_wt,q_b_vs_wt,delta_a_vs_b,p_a_vs_b,context_mean_effect,context_pct_dependent,combination_pathway,combination_rationale,pct_all_dependent
ARHGEF7,G12D-ONLY (direct contrast does not confirm),-0.2098831810544543,0.0762068310341848,-0.16510399078583454,0.40892868347228856,-0.04477919026861976,0.29937784249534116,-0.4895055334682679,57.89473684210527,,,20.87912087912088
CCND1,G12D-ONLY (direct contrast does not confirm),-0.33669687437044693,0.12360613095301407,-0.33276045882146554,0.3947974729077379,-0.003936415548981387,0.49034727501109576,-1.4760986214557066,100.0,Cell cycle re-entry,KRAS inhibition arrests rather than kills; CDK4/6 co-inhibition deepens the arrest and is a tractable combination with launched drugs.,63.14454775993238
CFLAR,SHARED,-0.27521386664805314,0.1200209457014605,-0.4964224924074996,0.10321804898851421,0.22120862575944644,0.9448244621364896,-0.99940608939871,78.94736842105263,,,51.31022823330515
CTNNB1,G12D-ONLY (direct contrast does not confirm),-0.36000270723773786,0.043548040460084037,-0.21796634309907492,0.3347733071775056,-0.14203636413866294,0.10975892932987415,-0.4015310019321687,26.31578947368421,,,10.650887573964498
DDX39B,G12D-SPECIFIC,-0.27544914826376776,0.0193968657523395,-0.06323527655735983,0.8642055209601075,-0.21221387170640793,0.013702932915144326,-0.8538096736840831,78.94736842105263,,,75.57058326289095
DOCK5,G12D-ONLY (direct contrast does not confirm),-0.3583334417013101,0.0015836614797620746,-0.19888984142527635,0.228005634446981,-0.15944360027603377,0.03283615199447533,-0.6400443720210811,57.89473684210527,,,4.818258664412511
EFR3A,G12D-ONLY (direct contrast does not confirm),-0.22181079895889194,0.19000377344371458,-0.2504627455877451,0.32266245916694747,0.028651946628853175,0.5972627887149371,-0.6675830959571949,57.89473684210527,,,35.587489433643285
HSP90B1,G12V-ONLY (direct contrast does not confirm),-0.13504787143135266,0.21333951020111241,-0.21256085835151017,0.2380684871790109,0.07751298692015751,0.8241380366909872,-0.9821115861294427,92.3076923076923,,,68.55452240067625
KLF5,G12D-SPECIFIC,-0.3764009737674661,0.044865351832482595,-0.15751813925600305,0.5925864020476508,-0.21888283451146306,0.04192934551827059,-0.7444900117550745,57.89473684210527,,,24.513947590870668
KRAS,SHARED,-1.5155484444912706,1.3509336034230556e-12,-1.3897048213498817,9.569806989962258e-08,-0.12584362314138886,0.2408696105393779,-2.2568845030115483,100.0,,,34.319526627218934
MBTPS1,G12V-ONLY (direct contrast does not confirm),-0.10396610933183636,0.37307074881304964,-0.25934539278530233,0.11195115575775015,0.15537928345346597,0.9714850419380722,-1.0283678700466952,100.0,,,60.01690617075233
RAB10,SHARED,-0.3673091721392841,0.013334361074754202,-0.27235515226808066,0.19181839792344846,-0.09495401987120344,0.18342290747979006,-0.8316692267413353,78.94736842105263,,,35.24936601859679
RAB6A,G12V-SPECIFIC,-0.06071960794811487,0.6773340164582055,-0.2682960559824897,0.19886351650310322,0.2075764480343748,0.9854112294119807,-0.910184007039991,84.61538461538461,,,45.39306846999155
RAF1,G12V-ONLY (direct contrast does not confirm),-0.14511077591434735,0.08263555546505255,-0.2726507554422791,0.11195115575775015,0.12753997952793178,0.9517013008486932,-0.4832539700725604,46.15384615384615,Vertical RAS pathway,Hitting the same pathway above and below the driver suppresses the adaptive rebound that single-agent KRAS inhibition produces (SOS1 and SHP2 combinations are in trials).,10.989010989010989
SCAP,G12V-SPECIFIC,-0.2251734380371655,0.3375663953942414,-0.5143556093699209,0.11195115575775015,0.28918217133275537,0.9616229285742037,-1.9303939531937753,100.0,,,71.68216398985629
SCD,G12V-ONLY (direct contrast does not confirm),-0.19109294536553312,0.2580530043076518,-0.371705990980823,0.1939368058448004,0.1806130456152899,0.9177001779652398,-1.3058724158605572,92.3076923076923,,,74.38715131022823
SLC7A5,G12D-ONLY (direct contrast does not confirm),-0.23608784475254913,0.0894815661410757,-0.16731057024138923,0.485993516206916,-0.06877727451115989,0.2477312506280296,-0.4404943954484167,31.57894736842105,,,18.765849535080303
SNAP23,G12D-ONLY (direct contrast does not confirm),-0.2680300648834678,0.15719678631769723,-0.13346016577754705,0.7228588171038768,-0.13456989910592076,0.1591267419995027,-0.7276295869103402,68.42105263157895,,,58.24175824175825
SOX9,G12V-ONLY (direct contrast does not confirm),-0.0874509153516804,0.38906570663969714,-0.21099019125421967,0.2116162784233685,0.12353927590253927,0.9436811443723826,-0.5514569015611005,46.15384615384615,,,14.539306846999157
TCF7L2,G12D-ONLY (direct contrast does not confirm),-0.27862920005880654,0.044865351832482595,-0.18215957261434584,0.34609655046165794,-0.09646962744446069,0.15450011706029232,-0.2611365921905168,21.052631578947366,,,6.508875739644971
TRPM7,G12V-SPECIFIC,-0.10606651583806248,0.5319825319370612,-0.4610387781066291,0.10321804898851421,0.3549722622685666,0.9972190142008878,-1.1253947311025976,84.61538461538461,,,63.82079459002535
TUBB4B,SHARED,-0.20245754604624672,0.21333951020111241,-0.2762812614288536,0.19886351650310322,0.0738237153826069,0.753298253158426,-0.6362654721712195,42.10526315789473,,,27.810650887573964
UROD,SHARED,-0.2682063440616719,0.19279599523654314,-0.3880153620789739,0.22141499496361222,0.11980901801730204,0.787847638176528,-0.981892151715629,63.1578947368421,,,48.43617920540997
WNK1,G12D-ONLY (direct contrast does not confirm),-0.22904085496173754,0.03875849740245155,-0.11808663224784921,0.6024567864400123,-0.11095422271388833,0.09572102683676355,-1.1491060888183577,100.0,,,76.33136094674556
YPEL5,G12D-ONLY (direct contrast does not confirm),-0.2150498677349948,0.2214931255435193,-0.09014002789898623,0.8112035803652087,-0.12490983983600856,0.14626347673835707,-1.004269787533761,78.94736842105263,,,70.41420118343196
