gene,effect_difference,cohens_d,q_value,pct_mutant_dependent,pct_all_dependent,pan_essential,verdict,failed_gate,n_failed_gates,best_drug,best_phase,n_clinical_drugs,n_active_trials,known_for
SOS1,0.1272752507526857,0.5704116658181035,0.9999999996952346,2.127659574468085,12.848689771766692,False,fails Step 1 q (q=1.000),Step 1 q,3,BI-1701963,Phase 1/Phase 2,2,2,RAS-GEF; SOS1 inhibitors are in trials explicitly as KRAS-inhibitor combination partners.
EGFR,-0.1157029469430705,-0.3473437307893934,0.2586675850064865,31.91489361702128,17.920540997464073,False,fails Step 1 q (q=0.259),Step 1 q,2,erlotinib,Launched,36,3,Upstream RTK; EGFR re-activation is the canonical adaptive resistance route to KRAS inhibition.
CDK4,-0.0949159416008117,-0.190963571756178,0.5980806718258519,78.72340425531915,65.68047337278107,False,fails Step 1 q (q=0.598),Step 1 q,3,palbociclib,Launched,14,5,Cell-cycle re-entry downstream of RAS-MAPK; CDK4/6 inhibitors are launched drugs.
CDK6,-0.0069847914356739,-0.01504404942086,0.9999999996952346,53.191489361702125,50.21132713440406,False,fails Step 1 q (q=1.000),Step 1 q,3,palbociclib,Launched,10,2,Partner of CDK4 in the same complex; usually redundant with it in cell-line screens.
PRMT5,-0.0544146639750029,-0.1565877232898908,0.7099952522352614,95.74468085106383,91.8850380388842,True,fails Step 1 q (q=0.710),Step 1 q,4,MRTX1719,Phase 1/Phase 2,2,5,"MTA-cooperative vulnerability of MTAP-deleted tumours, which co-occurs with CDKN2A loss in PDAC."
TEAD1,-0.0541202079774642,-0.1954709127529326,0.6196425284357767,25.53191489361702,16.56804733727811,False,fails Step 1 q (q=0.620),Step 1 q,3,VT3989,Phase 1/Phase 2,2,0,YAP/TAZ-TEAD transcription is the best-documented KRAS-independence bypass.
YAP1,-0.1100327579942828,-0.355132416629132,0.2541631596835181,42.5531914893617,23.1614539306847,False,fails Step 1 q (q=0.254),Step 1 q,2,VT3989,Phase 1/Phase 2,1,0,"Co-activator of TEAD; the same bypass axis, usually redundant with its paralog WWTR1."
RAF1,-0.1451107759143473,-0.5955787751872116,0.0826355554650525,29.78723404255319,10.989010989010987,False,fails Step 1 q (q=0.083),Step 1 q,3,dabrafenib,Launched,8,5,Direct RAS effector; vertical pathway inhibition is a standard combination rationale.
AURKA,0.0436948086816566,0.172274462827826,0.9999999996952346,100.0,99.74640743871514,True,fails Step 1 q (q=1.000),Step 1 q,4,alisertib,Phase 3,16,0,"Mitotic kinase reported as a KRAS-mutant vulnerability, with repeated non-replication reports."
WEE1,0.0679023284972997,0.1578302078772669,0.9999999996952346,100.0,100.0,True,fails Step 1 q (q=1.000),Step 1 q,4,MK-1775,Phase 2,2,1,G2/M checkpoint kinase; a replication-stress vulnerability rather than a direct KRAS partner.
