ModelID,StrippedCellLineName,MutationStatus,Variant
ACH-000001,NIHOVCAR3,WT,
ACH-000004,HEL,WT,
ACH-000005,HEL9217,WT,
ACH-000007,LS513,MUT,G12D
ACH-000009,C2BBE1,WT,
ACH-000011,253J,WT,
ACH-000012,HCC827,WT,
ACH-000013,ONCODG1,WT,
ACH-000014,HS294T,WT,
ACH-000015,NCIH1581,WT,
ACH-000017,SKBR3,WT,
ACH-000018,T24,WT,
ACH-000019,MCF7,WT,
ACH-000021,NCIH1693,WT,
ACH-000022,PATU8988S,MUT,G12V
ACH-000023,PATU8988T,MUT,G12V
ACH-000024,OPM2,WT,
ACH-000025,CH157MN,WT,
ACH-000026,253JBV,WT,
ACH-000028,KPL1,WT,
ACH-000029,HCC827GR5,WT,
ACH-000030,PC14,WT,
ACH-000035,NCIH1650,WT,
ACH-000036,U343,WT,
ACH-000037,S117,WT,
ACH-000039,SKNMC,WT,
ACH-000040,U118MG,WT,
ACH-000041,RDES,WT,
ACH-000042,PANC0203,MUT,G12D
ACH-000045,MV411,WT,
ACH-000047,GCIY,WT,
ACH-000048,TOV112D,WT,
ACH-000052,A673,WT,
ACH-000053,KARPAS299,WT,
ACH-000054,HT1080,WT,
ACH-000055,D283MED,WT,
ACH-000060,PANC1005,MUT,G12D
ACH-000067,HS683,WT,
ACH-000070,697,WT,
ACH-000074,KU812,WT,
ACH-000075,U87MG,WT,
ACH-000076,NCO2,WT,
ACH-000077,MJ,WT,
ACH-000078,MHHNB11,WT,
ACH-000082,G292CLONEA141B1,WT,
ACH-000085,T3M4,MUT,Q61H
ACH-000086,ACCMESO1,WT,
ACH-000087,SKES1,WT,
ACH-000090,PC3,WT,
ACH-000092,NCIH2452,WT,
ACH-000093,PANC0504,MUT,G12D
ACH-000094,HPAFII,MUT,G12D
ACH-000095,D341MED,WT,
ACH-000096,G401,WT,
ACH-000097,ZR751,WT,
ACH-000098,GAMG,WT,
ACH-000099,SIMA,WT,
ACH-000100,RH41,WT,
ACH-000101,KE37,WT,
ACH-000103,CAOV4,WT,
ACH-000106,JVM2,WT,
ACH-000108,KP3,MUT,G12V
ACH-000111,HCC1187,WT,
ACH-000113,OCIAML2,WT,
ACH-000114,SU8686,MUT,G12D
ACH-000115,VCAP,WT,
ACH-000116,OAW28,WT,
ACH-000118,HUPT3,MUT,G12R
ACH-000120,CHP212,WT,
ACH-000123,COV434,WT,
ACH-000124,OCILY19,WT,
ACH-000127,SLR20,WT,
ACH-000128,LN319,WT,
ACH-000132,JHOS2,WT,
ACH-000133,HS729,WT,
ACH-000137,8MGBA,WT,
ACH-000138,CFPAC1,MUT,G12V
ACH-000139,PANC0327,MUT,G12V
ACH-000141,SNU308,WT,
ACH-000142,CAL29,WT,
ACH-000143,HCC2429,WT,
ACH-000144,RERFGC1B,WT,
ACH-000145,SKLMS1,WT,
ACH-000146,THP1,WT,
ACH-000147,T47D,WT,
ACH-000148,HS578T,WT,
ACH-000149,SKNSH,WT,
ACH-000151,JM1,WT,
ACH-000152,M059K,WT,
ACH-000153,NCIH2052,WT,
ACH-000155,SW1990,MUT,G12D
ACH-000159,OSRC2,WT,
ACH-000160,BT12,WT,
ACH-000161,CORL105,WT,
ACH-000163,SW579,WT,
ACH-000164,PANC1,MUT,G12D
ACH-000167,KE97,WT,
ACH-000168,NOMO1,MUT,G13D
ACH-000169,RD,WT,
ACH-000172,TM87,WT,
ACH-000174,CAL62,MUT,G12R
ACH-000176,LOUNH91,WT,
ACH-000178,HS766T,MUT,Q61H
ACH-000181,SCC9,WT,
ACH-000182,SNU869,MUT,G12D
ACH-000183,L363,WT,
ACH-000187,CORL311,WT,
ACH-000188,SCC25,WT,
ACH-000189,RCC10RGB,WT,
ACH-000190,HDMYZ,WT,
ACH-000191,BHT101,WT,
ACH-000192,MFE280,WT,
ACH-000195,SET2,WT,
ACH-000198,EOL1,WT,
ACH-000200,NMCG1,WT,
ACH-000202,COLO320,WT,
ACH-000203,NH6,WT,
ACH-000204,LP1,WT,
ACH-000206,C8166,WT,
ACH-000207,DETROIT562,WT,
ACH-000208,U178,WT,
ACH-000209,SNU1079,WT,
ACH-000210,CADOES1,WT,
ACH-000211,DAOY,WT,
ACH-000212,CAL120,WT,
ACH-000213,HUPT4,MUT,G12V
ACH-000215,LN382,WT,
ACH-000216,JHESOAD1,WT,
ACH-000217,JHH6,WT,
ACH-000219,A375,WT,
ACH-000221,SNU398,WT,
ACH-000222,ASPC1,MUT,G12D
ACH-000223,HCC1937,WT,
ACH-000226,SUPM2,WT,
ACH-000227,KPNYN,WT,
ACH-000228,BICR31,WT,
ACH-000231,KALS1,WT,
ACH-000232,U251MG,WT,
ACH-000233,DEL,WT,
ACH-000234,CAKI2,WT,
ACH-000235,PANC0403,MUT,G12D
ACH-000237,JHOM1,WT,
ACH-000238,SCC4,WT,
ACH-000239,HUG1N,WT,
ACH-000242,RT4,WT,
ACH-000243,DANG,MUT,G12V
ACH-000244,DKMG,WT,
ACH-000246,SLR23,WT,
ACH-000247,OCUM1,WT,
ACH-000248,AU565,WT,
ACH-000249,CL11,MUT,"Q61H,V14I"
ACH-000250,KMRC20,WT,
ACH-000251,NCIH2887,MUT,G12V
ACH-000252,LS1034,MUT,A146T
ACH-000253,COLO201,WT,
ACH-000255,LMSU,WT,
ACH-000256,COV318,WT,
ACH-000257,CORL279,WT,
ACH-000258,DU4475,WT,
ACH-000259,KELLY,WT,
ACH-000260,SKNAS,WT,
ACH-000261,RERFLCAI,WT,
ACH-000262,UOK101,WT,
ACH-000263,KASUMI1,WT,
ACH-000264,CALU6,MUT,Q61K
ACH-000265,KP4,MUT,G12D
ACH-000266,SNU213,MUT,G12V
ACH-000268,SNU245,WT,
ACH-000269,AM38,WT,
ACH-000271,SUDHL10,MUT,I171M
ACH-000272,SLR24,WT,
ACH-000273,SF539,WT,
ACH-000274,HS852T,WT,
ACH-000276,HCC38,WT,
ACH-000277,HCC1419,WT,
ACH-000278,COV362,WT,
ACH-000279,EWS502,WT,
ACH-000280,SNU840,WT,
ACH-000281,KP2,MUT,G12R
ACH-000286,SNU1033,MUT,G12D
ACH-000288,BT549,WT,
ACH-000290,NCIH209,WT,
ACH-000291,OV90,WT,
ACH-000292,NCIH841,WT,
ACH-000293,KLE,WT,
ACH-000294,NB4,MUT,A18D
ACH-000295,EM2,WT,
ACH-000296,OUMS23,WT,
ACH-000302,SNU1077,WT,
ACH-000303,SNU5,WT,
ACH-000304,WM115,WT,
ACH-000305,ECGI10,WT,
ACH-000307,PK1,MUT,G12D
ACH-000308,EFO21,WT,
ACH-000310,IMR32,WT,
ACH-000311,NCIH2122,MUT,G12C
ACH-000312,SKNBE2,WT,
ACH-000313,KMRC3,WT,
ACH-000315,KARPAS422,WT,
ACH-000316,SNU886,WT,
ACH-000317,TUHR14TKB,WT,
ACH-000318,TE10,WT,
ACH-000319,MPP89,WT,
ACH-000320,PSN1,MUT,G12R
ACH-000322,HT144,WT,
ACH-000323,42MGBA,WT,
ACH-000324,JHOC5,WT,
ACH-000325,SNU620,WT,
ACH-000326,JURLMK1,WT,
ACH-000329,CCFSTTG1,WT,
ACH-000330,EFM19,WT,
ACH-000331,ISTMES2,WT,
ACH-000332,YAPC,MUT,G12V
ACH-000334,DB,WT,
ACH-000335,MSTO211H,WT,
ACH-000336,OCIAML3,WT,
ACH-000337,NCIH3122,WT,
ACH-000338,SR786,WT,
ACH-000339,HCC461,MUT,G12D
ACH-000341,SKNFI,WT,
ACH-000343,NCIH522,WT,
ACH-000344,SNU668,MUT,Q61K
ACH-000345,KPNRTBM1,WT,
ACH-000346,JVM3,WT,
ACH-000348,RPMI7951,WT,
ACH-000350,COLO678,MUT,G12D
ACH-000352,HCC1428,WT,
ACH-000354,CAPAN1,MUT,G12V
ACH-000355,NCIH82,WT,
ACH-000356,MKN45,WT,
ACH-000359,MG63,WT,
ACH-000361,SKHEP1,WT,
ACH-000362,MOLM13,WT,
ACH-000363,SKMM2,WT,
ACH-000364,U2OS,WT,
ACH-000365,SUDHL4,WT,
ACH-000366,SKNDZ,WT,
ACH-000367,NCIH226,WT,
ACH-000368,SNU1105,WT,
ACH-000370,SNU626,WT,
ACH-000371,RL,WT,
ACH-000373,SKM1,MUT,K117N
ACH-000374,HCC1143,WT,
ACH-000375,G402,WT,
ACH-000376,SF295,WT,
ACH-000377,SNU478,WT,
ACH-000378,NCIH647,MUT,G13D
ACH-000381,T84,MUT,G13D
ACH-000383,OE33,WT,
ACH-000385,SKRC52,UNKNOWN,
ACH-000387,TF1,WT,
ACH-000389,H4,WT,
ACH-000390,LUDLU1,WT,
ACH-000391,MHHES1,WT,
ACH-000393,HLF,WT,
ACH-000395,NCIH520,WT,
ACH-000396,J82,WT,
ACH-000397,TEN,MUT,T74P
ACH-000398,RI1,WT,
ACH-000401,COLO800,WT,
ACH-000402,BL70,WT,
ACH-000403,NCIH747,MUT,G13D
ACH-000404,K029AX,WT,
ACH-000405,MEC1,WT,
ACH-000406,U937,WT,
ACH-000407,SNU685,WT,
ACH-000408,TE5,WT,
ACH-000410,SAOS2,WT,
ACH-000411,769P,WT,
ACH-000414,NCIH1944,MUT,G13D
ACH-000415,BICR6,WT,
ACH-000416,NCIH838,WT,
ACH-000417,PANC0813,MUT,G12D
ACH-000420,SNU449,WT,
ACH-000421,SW837,MUT,G12C
ACH-000422,SNU475,WT,
ACH-000424,TC71,WT,
ACH-000425,UACC62,WT,
ACH-000426,KMS20,MUT,G12S
ACH-000427,NCIN87,WT,
ACH-000430,TYKNU,WT,
ACH-000431,NCIH1694,WT,
ACH-000433,CAKI1,WT,
ACH-000434,NCIH1915,WT,
ACH-000435,EFE184,WT,
ACH-000436,OCIMY7,WT,
ACH-000437,SW1088,WT,
ACH-000438,LU65,MUT,G12C
ACH-000441,SH4,WT,
ACH-000442,RERFLCSQ1,WT,
ACH-000444,LU99,MUT,G12C
ACH-000445,KNS60,WT,
ACH-000446,KPNSI9S,MUT,G12A
ACH-000448,NCIH1666,WT,
ACH-000450,MELHO,WT,
ACH-000452,TE8,WT,
ACH-000454,HCC95,WT,
ACH-000455,LN428,WT,
ACH-000456,BCPAP,WT,
ACH-000458,CJM,WT,
ACH-000459,TUHR10TKB,WT,
ACH-000460,SNU8,MUT,G12D
ACH-000461,SNU1196,WT,
ACH-000463,NCIH460,MUT,Q61H
ACH-000464,CAS1,WT,
ACH-000466,SNU216,WT,
ACH-000467,HCC56,MUT,G12V
ACH-000468,PK45H,MUT,G12D
ACH-000469,YH13,WT,
ACH-000470,SW1463,MUT,G12C
ACH-000471,LI7,WT,
ACH-000472,HSC2,WT,
ACH-000473,RT112,WT,
ACH-000475,HUH1,WT,
ACH-000476,JHH4,WT,
ACH-000477,MALME3M,WT,
ACH-000478,SNU387,WT,
ACH-000479,KNS81,WT,
ACH-000480,HUH7,WT,
ACH-000481,NCIH2170,WT,
ACH-000483,SNU182,WT,
ACH-000484,VMRCRCW,WT,
ACH-000485,GSU,MUT,G12D
ACH-000486,KU1919,WT,
ACH-000487,F36P,WT,
ACH-000488,TE11,WT,
ACH-000489,SW1116,MUT,G12A
ACH-000490,SF767,WT,
ACH-000491,NCIH716,MUT,R97I
ACH-000493,SNU423,WT,
ACH-000495,TUHR4TKB,WT,
ACH-000496,NCIH1792,MUT,G12C
ACH-000498,KO52,WT,
ACH-000499,EW8,WT,
ACH-000500,SNU46,WT,
ACH-000501,LS123,MUT,G12S
ACH-000502,TCCPAN2,MUT,G12R
ACH-000503,BICR16,WT,
ACH-000504,SNB75,WT,
ACH-000505,RKN,MUT,G12V
ACH-000507,KE39,WT,
ACH-000510,NCIH1299,WT,
ACH-000511,CALU1,MUT,G12C
ACH-000512,INA6,WT,
ACH-000514,NCIH1092,WT,
ACH-000515,HCC33,WT,
ACH-000516,CAL78,WT,
ACH-000517,SNU410,MUT,G12D
ACH-000518,CAL33,WT,
ACH-000519,PEER,WT,
ACH-000520,59M,WT,
ACH-000521,NCIH2030,MUT,G12C
ACH-000522,UMUC3,MUT,G12C
ACH-000524,KURAMOCHI,WT,
ACH-000525,NCIH2171,WT,
ACH-000527,OVISE,WT,
ACH-000528,ABC1,WT,
ACH-000532,SNU61,MUT,G12D
ACH-000533,NCIH2004RT,WT,
ACH-000535,BXPC3,WT,
ACH-000537,SNU761,WT,
ACH-000541,KMS34,WT,
ACH-000542,HEYA8,MUT,G12D
ACH-000544,OE21,WT,
ACH-000545,VMCUB1,WT,
ACH-000546,HSC4,WT,
ACH-000547,HT1197,WT,
ACH-000548,BHY,WT,
ACH-000549,SNU1076,WT,
ACH-000550,IGR39,WT,
ACH-000551,K562,WT,
ACH-000552,HT29,WT,
ACH-000554,UACC893,WT,
ACH-000556,SIHA,WT,
ACH-000557,AML193,WT,
ACH-000558,A172,WT,
ACH-000559,NCIH1836,WT,
ACH-000561,TDOTT,UNKNOWN,
ACH-000562,HCC78,WT,
ACH-000563,EBC1,WT,
ACH-000565,RCM1,MUT,G12V
ACH-000567,ST486,WT,
ACH-000569,ISTMES1,WT,
ACH-000570,YKG1,WT,
ACH-000571,T98G,WT,
ACH-000573,MDAMB436,WT,
ACH-000576,KMS27,WT,
ACH-000577,JHH2,WT,
ACH-000579,UACC257,WT,
ACH-000580,C32,WT,
ACH-000581,SNU16,MUT,G12D
ACH-000583,MC116,WT,
ACH-000584,JHOS4,WT,
ACH-000585,EPLC272H,WT,
ACH-000587,NCIH1975,WT,
ACH-000588,KMS26,WT,
ACH-000589,NCIH1437,WT,
ACH-000591,LN235,WT,
ACH-000592,TM31,WT,
ACH-000593,BC3C,WT,
ACH-000595,LN229,WT,
ACH-000596,LCLC97TM1,MUT,G12V
ACH-000597,TTC709,WT,
ACH-000599,PATU8902,MUT,G12V
ACH-000601,MIAPACA2,MUT,G12C
ACH-000602,M07E,WT,
ACH-000604,KYO1,WT,
ACH-000605,TE6,WT,
ACH-000606,PECAPJ34CLONEC12,WT,
ACH-000607,KYM1,WT,
ACH-000608,COV644,WT,
ACH-000609,SF126,WT,
ACH-000614,RVH421,WT,
ACH-000616,HS746T,WT,
ACH-000618,SNU1041,WT,
ACH-000619,PECAPJ15,WT,
ACH-000620,JHH1,WT,
ACH-000621,MDAMB157,WT,
ACH-000622,KNS42,WT,
ACH-000623,SNU201,WT,
ACH-000624,HCC1806,WT,
ACH-000627,LCLC103H,WT,
ACH-000630,YD8,MUT,G138V
ACH-000631,KS1,WT,
ACH-000632,HS944T,WT,
ACH-000633,FU97,WT,
ACH-000634,LN340,WT,
ACH-000637,KYSE520,WT,
ACH-000638,NCIH441,MUT,G12V
ACH-000639,NCIH211,WT,
ACH-000645,JL1,WT,
ACH-000646,OVMANA,WT,
ACH-000647,TE1,WT,
ACH-000648,NCIH28,WT,
ACH-000649,786O,WT,
ACH-000651,SW620,MUT,G12V
ACH-000652,SUIT2,MUT,G12D
ACH-000653,JJN3,WT,
ACH-000654,RAJI,WT,
ACH-000655,SF268,WT,
ACH-000656,SUDHL8,WT,
ACH-000657,A2780,WT,
ACH-000660,SUDHL5,WT,
ACH-000661,WM1799,WT,
ACH-000662,CORL23,MUT,G12V
ACH-000663,OVTOKO,WT,
ACH-000664,SUDHL1,WT,
ACH-000665,SKMES1,WT,
ACH-000666,NCIH1355,MUT,G13C
ACH-000667,HCC44,MUT,G12C
ACH-000668,HCC70,WT,
ACH-000671,HUH6,WT,
ACH-000672,IALM,MUT,G12C
ACH-000673,LN443,WT,
ACH-000676,LN464,WT,
ACH-000677,SW1573,MUT,G12C
ACH-000681,A549,MUT,G12S
ACH-000682,SNU1066,WT,
ACH-000683,SNU503,WT,
ACH-000684,KMRC1,WT,
ACH-000685,L33,MUT,G12D
ACH-000688,OV7,MUT,G12D
ACH-000693,KYSE180,WT,
ACH-000694,TE9,WT,
ACH-000695,CORL47,WT,
ACH-000696,OVCAR8,MUT,P121H
ACH-000697,A3KAW,WT,
ACH-000698,DMS53,WT,
ACH-000699,HCC1395,WT,
ACH-000700,NCIH2882,WT,
ACH-000701,RMUGS,WT,
ACH-000702,L1236,WT,
ACH-000704,OAW42,WT,
ACH-000706,EKVX,WT,
ACH-000709,KMRC2,WT,
ACH-000711,JIMT1,WT,
ACH-000713,CAOV3,WT,
ACH-000714,KMS11,WT,
ACH-000716,TT2609C02,WT,
ACH-000717,COLO680N,WT,
ACH-000718,NCIH2291,MUT,"G12C,G12F,G12V"
ACH-000719,RMGI,WT,
ACH-000720,TCCSUP,WT,
ACH-000721,HMC18,MUT,G12V
ACH-000722,SNUC1,WT,
ACH-000724,HT1376,WT,
ACH-000725,HCC202,WT,
ACH-000732,PECAPJ41CLONED2,WT,
ACH-000734,JHH5,WT,
ACH-000735,PECAPJ49,WT,
ACH-000736,SNU601,MUT,G12D
ACH-000738,GB1,WT,
ACH-000739,HEPG2,WT,
ACH-000740,A253,WT,
ACH-000741,UBLC1,WT,
ACH-000746,GSS,WT,
ACH-000747,NCIH1703,WT,
ACH-000748,SJSA1,MUT,Q61H
ACH-000749,DMS273,WT,
ACH-000753,JMSU1,WT,
ACH-000754,L428,WT,
ACH-000756,GI1,WT,
ACH-000757,A427,MUT,G12D
ACH-000758,MKN74,WT,
ACH-000760,LNZ308,WT,
ACH-000762,YD38,WT,
ACH-000763,MM1S,MUT,G12A
ACH-000764,SH10TC,MUT,G12V
ACH-000765,WM983B,WT,
ACH-000766,NCIH1648,WT,
ACH-000767,NCIH526,WT,
ACH-000768,MDAMB231,MUT,G13D
ACH-000769,LK2,WT,
ACH-000770,P31FUJ,WT,
ACH-000771,BICR56,WT,
ACH-000773,KIJK,WT,
ACH-000774,RERFLCAD2,MUT,G12V
ACH-000775,NCIH727,MUT,G12V
ACH-000776,ONS76,WT,
ACH-000777,KYSE30,WT,
ACH-000778,HSC3,WT,
ACH-000781,NCIH2023,WT,
ACH-000782,SEM,WT,
ACH-000783,CAMA1,WT,
ACH-000784,KYSE70,WT,
ACH-000785,NCIH2126,WT,
ACH-000787,LXF289,WT,
ACH-000788,A2058,WT,
ACH-000790,SHP77,MUT,G12V
ACH-000791,RERFLCAD1,MUT,G12A
ACH-000792,BFTC909,WT,
ACH-000793,KATOIII,WT,
ACH-000794,BICR22,WT,
ACH-000796,MCAS,MUT,G12D
ACH-000798,CL40,MUT,G12D
ACH-000799,HS695T,WT,
ACH-000800,NCIH446,WT,
ACH-000801,HS936T,WT,
ACH-000802,BFTC905,WT,
ACH-000804,NB1,WT,
ACH-000805,COLO679,WT,
ACH-000807,SNU738,WT,
ACH-000809,KYSE410,MUT,G12C
ACH-000810,SKMEL30,WT,
ACH-000811,SKOV3,WT,
ACH-000817,RPMI8226,MUT,G12A
ACH-000819,LN18,WT,
ACH-000820,SW403,MUT,G12V
ACH-000821,EJM,WT,
ACH-000822,SKMEL24,WT,
ACH-000823,KYSE140,WT,
ACH-000824,KYSE510,WT,
ACH-000826,CAL12T,WT,
ACH-000827,WM793,WT,
ACH-000829,HUNS1,WT,
ACH-000831,HEC50B,MUT,G12D
ACH-000832,CAL27,WT,
ACH-000833,RH30,WT,
ACH-000834,UMUC1,WT,
ACH-000835,GCT,WT,
ACH-000836,YD15,WT,
ACH-000837,NCIH322,WT,
ACH-000838,AMO1,MUT,A146T
ACH-000839,SCABER,WT,
ACH-000840,HCC366,WT,
ACH-000841,NCIH2087,WT,
ACH-000843,HARA,WT,
ACH-000845,NCIH1373,MUT,G12C
ACH-000846,FADU,WT,
ACH-000847,HGC27,WT,
ACH-000848,JHH7,WT,
ACH-000849,MDAMB468,WT,
ACH-000851,MORCPR,MUT,G13C
ACH-000853,NCIH661,WT,
ACH-000855,KYSE150,WT,
ACH-000856,CAL51,WT,
ACH-000858,KNS62,WT,
ACH-000859,HCC1954,WT,
ACH-000860,NCIH358,MUT,G12C
ACH-000861,HOP62,MUT,G12C
ACH-000862,KMBC2,WT,
ACH-000863,DBTRG05MG,WT,
ACH-000864,COLO684,WT,
ACH-000865,KYSE450,WT,
ACH-000866,NCIH1048,WT,
ACH-000867,CHAGOK1,WT,
ACH-000869,NCIH1568,WT,
ACH-000871,NCIH510,WT,
ACH-000872,HCC515,MUT,G13D
ACH-000873,KYSE270,WT,
ACH-000874,RS411,WT,
ACH-000876,MDAMB415,WT,
ACH-000878,HCC15,WT,
ACH-000879,MFE296,WT,
ACH-000880,AGS,MUT,G12D
ACH-000881,MELJUSO,WT,
ACH-000882,IGR1,WT,
ACH-000884,MDAMB435S,WT,
ACH-000885,TOV21G,MUT,G13C
ACH-000886,NCIH2009,MUT,G12A
ACH-000887,SF172,WT,
ACH-000888,NCIH1793,WT,
ACH-000889,KMM1,MUT,V9I
ACH-000890,SW1271,WT,
ACH-000894,NCIH1869,WT,
ACH-000896,647V,WT,
ACH-000898,SNU719,WT,
ACH-000899,WM88,WT,
ACH-000900,NCIH23,MUT,G12C
ACH-000901,HCC1359,WT,
ACH-000903,FTC133,WT,
ACH-000905,5637,WT,
ACH-000906,ES2,WT,
ACH-000907,SNU349,WT,
ACH-000910,MDAMB453,WT,
ACH-000911,NUGC3,WT,
ACH-000912,NCIH2286,WT,
ACH-000913,ESS1,WT,
ACH-000914,HT,WT,
ACH-000915,IPC298,WT,
ACH-000916,NCIH1573,MUT,G12A
ACH-000917,TE4,WT,
ACH-000919,IM95,WT,
ACH-000920,CMLT1,WT,
ACH-000921,NCIH157DM,UNKNOWN,
ACH-000922,RCHACV,MUT,V14I
ACH-000924,NCIH2172,WT,
ACH-000926,HT55,WT,
ACH-000928,JHUEM1,WT,
ACH-000929,NCIH2110,WT,
ACH-000932,SNU1,MUT,G12D
ACH-000934,MDAMB361,WT,
ACH-000935,MDST8,WT,
ACH-000936,EFO27,WT,
ACH-000937,PF382,WT,
ACH-000938,NALM6,WT,
ACH-000939,SKUT1,WT,
ACH-000941,HEC1B,MUT,G12D
ACH-000943,RKO,WT,
ACH-000944,NAMALWA,WT,
ACH-000945,NCIH650,MUT,Q61L
ACH-000946,HEC265,WT,
ACH-000947,OVK18,MUT,A59G
ACH-000948,2313287,WT,
ACH-000950,LOVO,MUT,G13D
ACH-000953,SUPT1,WT,
ACH-000956,22RV1,WT,
ACH-000957,LS180,MUT,G12D
ACH-000958,SW48,WT,
ACH-000959,SNUC4,WT,
ACH-000960,REH,WT,
ACH-000961,ISHIKAWAHERAKLIO02ER,WT,
ACH-000962,OC314,WT,
ACH-000963,CCK81,WT,
ACH-000965,RL952,WT,
ACH-000966,IGROV1,WT,
ACH-000968,COLO792,WT,
ACH-000969,KM12,WT,
ACH-000970,SNUC5,WT,
ACH-000971,HCT116,MUT,G13D
ACH-000972,HEC151,WT,
ACH-000973,639V,MUT,G12D
ACH-000974,SNGM,MUT,G12V
ACH-000975,HCC2450,WT,
ACH-000976,HUCCT1,MUT,G12D
ACH-000977,LNCAPCLONEFGC,WT,
ACH-000978,EN,WT,
ACH-000979,DU145,WT,
ACH-000980,NCIH1155,MUT,Q61H
ACH-000983,KCL22,WT,
ACH-000984,HEC6,MUT,V160A
ACH-000985,LS411N,WT,
ACH-000986,HT115,WT,
ACH-000988,MFE319,WT,
ACH-000991,SNU81,MUT,A146T
ACH-000993,JHUEM7,WT,
ACH-000994,HEC59,WT,
ACH-000995,JURKAT,WT,
ACH-000996,HEC251,MUT,R164*
ACH-000997,HCT15,MUT,G13D
ACH-001001,143B,WT,
ACH-001016,BECKER,WT,
ACH-001020,BT16,WT,
ACH-001028,CHLA06ATRT,WT,
ACH-001029,CHLA10,WT,
ACH-001031,CHLA266,WT,
ACH-001033,CHLA57,WT,
ACH-001036,CMK115,WT,
ACH-001038,COGE352,WT,
ACH-001039,COLO205,WT,
ACH-001041,CHL1DM,UNKNOWN,
ACH-001048,COV504,WT,
ACH-001050,CW9019,WT,
ACH-001053,D425,WT,
ACH-001054,D458,WT,
ACH-001061,DLD1,WT,
ACH-001065,EVSAT,WT,
ACH-001067,F5,WT,
ACH-001075,NCIH292,WT,
ACH-001081,HCC2998,MUT,A146T
ACH-001096,JR,WT,
ACH-001098,KCIMOH1,WT,
ACH-001099,KD,WT,
ACH-001107,KP1N,MUT,G12D
ACH-001111,L82,WT,
ACH-001119,MAC2A,WT,
ACH-001126,MOGGUVW,WT,
ACH-001128,MON,WT,
ACH-001129,MONOMAC1,WT,
ACH-001134,MYLA,WT,
ACH-001137,NCIH1993,WT,
ACH-001145,OC316,WT,
ACH-001151,OVCAR5,MUT,G12V
ACH-001163,CCLFPEDS0001T,UNKNOWN,
ACH-001164,CCLFPEDS0003T,UNKNOWN,
ACH-001172,U251MGDM,UNKNOWN,
ACH-001183,RT11284,WT,
ACH-001184,SCMCRM2,WT,
ACH-001188,SHSY5Y,WT,
ACH-001190,SKMEL2,WT,
ACH-001192,SKNEP1,WT,
ACH-001193,SKPNDW,WT,
ACH-001194,SKRC31,WT,
ACH-001196,SMSCTR,WT,
ACH-001197,SMZ1,WT,
ACH-001205,TC32,WT,
ACH-001211,TTC549,WT,
ACH-001227,UPCISCC090,UNKNOWN,
ACH-001228,UPCISCC152,WT,
ACH-001229,UPCISCC154,UNKNOWN,
ACH-001232,UW228,WT,
ACH-001233,VMRCLCD,WT,
ACH-001239,WM2664,WT,
ACH-001270,127399,WT,
ACH-001274,SW982,WT,
ACH-001275,SYO1,WT,
ACH-001277,YAMATO,WT,
ACH-001278,BIN67,WT,
ACH-001279,SCCOHT1,WT,
ACH-001280,SCS214,WT,
ACH-001283,TC106,WT,
ACH-001289,COGAR359,WT,
ACH-001295,Y79,WT,
ACH-001300,CHLA15,WT,
ACH-001301,COGN278,WT,
ACH-001302,COGN305,WT,
ACH-001303,NB1643,WT,
ACH-001306,8305C,WT,
ACH-001307,8505C,WT,
ACH-001310,HA1E,WT,
ACH-001318,PLCPRF5,WT,
ACH-001322,CME1,WT,
ACH-001328,A431,WT,
ACH-001329,ANGMCSS,WT,
ACH-001331,BICR10,WT,
ACH-001332,BICR78,WT,
ACH-001333,C33A,WT,
ACH-001334,C4I,WT,
ACH-001335,C4II,UNKNOWN,
ACH-001336,CASKI,WT,
ACH-001338,CHP134,WT,
ACH-001340,COV413A,WT,
ACH-001341,DOTC24510,WT,
ACH-001344,GIMEN,WT,
ACH-001345,GP5D,MUT,G12D
ACH-001346,H103,WT,
ACH-001347,H157,UNKNOWN,
ACH-001353,JOPACA1,MUT,G12V
ACH-001354,LAN2,WT,
ACH-001356,MB1,WT,
ACH-001360,MS751,WT,
ACH-001366,NGP,UNKNOWN,
ACH-001367,NMB,WT,
ACH-001368,OACM51,WT,
ACH-001370,OCIP5X,UNKNOWN,
ACH-001374,PA1,WT,
ACH-001375,PACADD119,MUT,G12A
ACH-001377,PACADD137,WT,
ACH-001379,PACADD161,MUT,G12V
ACH-001380,PACADD165,WT,
ACH-001382,PACADD188,MUT,G12D
ACH-001385,RPMI2650,WT,
ACH-001386,SCLC22H,WT,
ACH-001388,SUM102PT,UNKNOWN,
ACH-001389,SUM1315MO2,UNKNOWN,
ACH-001390,SUM149PT,WT,
ACH-001391,SUM159PT,WT,
ACH-001392,SUM185PE,UNKNOWN,
ACH-001393,SUM190PT,UNKNOWN,
ACH-001394,SUM229PE,MUT,G12D
ACH-001396,SUM52PE,WT,
ACH-001398,SW156,WT,
ACH-001399,SW626,MUT,G12V
ACH-001400,SW954,WT,
ACH-001401,SW13,WT,
ACH-001402,SW756,MUT,G12C
ACH-001403,TO14,UNKNOWN,
ACH-001407,UMUC13,WT,
ACH-001408,UMUC14,WT,
ACH-001409,UMUC16,WT,
ACH-001411,UMUC5,WT,
ACH-001412,UMUC10,WT,
ACH-001413,UMUC11,WT,
ACH-001414,UMUC6,WT,
ACH-001415,UMUC7,WT,
ACH-001416,UMUC9,WT,
ACH-001418,UWB1289,WT,
ACH-001419,VP229,UNKNOWN,
ACH-001421,WERIRB1,UNKNOWN,
ACH-001422,WPE1NA22,UNKNOWN,
ACH-001430,TC138,WT,
ACH-001431,TC205,WT,
ACH-001433,CCLFPEDS0008T,WT,
ACH-001436,1411H,UNKNOWN,
ACH-001442,A388,WT,
ACH-001443,ASH3,WT,
ACH-001450,BLUE1,WT,
ACH-001451,BOKU,WT,
ACH-001453,BPH1,WT,
ACH-001454,C10,WT,
ACH-001458,C75,WT,
ACH-001459,C80,MUT,A146V
ACH-001460,C84,MUT,G12A
ACH-001461,C99,WT,
ACH-001481,CHLA90,UNKNOWN,
ACH-001484,CI,UNKNOWN,
ACH-001494,EGI1,MUT,G12D
ACH-001495,EMTOKA,UNKNOWN,
ACH-001496,ESO26,WT,
ACH-001497,ESO51,WT,
ACH-001498,FARAGE,WT,
ACH-001500,FLO1,WT,
ACH-001502,GCT27,UNKNOWN,
ACH-001508,H314,UNKNOWN,
ACH-001509,H357,UNKNOWN,
ACH-001510,H376,UNKNOWN,
ACH-001511,H413,UNKNOWN,
ACH-001513,HCA1,UNKNOWN,
ACH-001515,HCS2,UNKNOWN,
ACH-001517,HEC1,MUT,G12D
ACH-001518,HEC116,UNKNOWN,
ACH-001520,HG3,UNKNOWN,
ACH-001521,HKA1,MUT,G12S
ACH-001522,HMY1,WT,
ACH-001523,HSC1,WT,
ACH-001524,HSC5,WT,
ACH-001525,HT3,WT,
ACH-001526,HUO9,WT,
ACH-001528,IHH4,WT,
ACH-001529,JAR,WT,
ACH-001530,JEG3,WT,
ACH-001532,JMURTK2,WT,
ACH-001533,KARPAS1718,UNKNOWN,
ACH-001536,KKU100,WT,
ACH-001538,KKU213,UNKNOWN,
ACH-001539,KML1,UNKNOWN,
ACH-001542,KON,WT,
ACH-001543,KOSC2,WT,
ACH-001544,KYAE1,WT,
ACH-001547,LO68,UNKNOWN,
ACH-001548,LS,UNKNOWN,
ACH-001549,LU135,WT,
ACH-001550,MCC13,WT,
ACH-001551,MCC142,WT,
ACH-001552,MCC26,WT,
ACH-001554,MEL202,WT,
ACH-001555,MERO14,WT,
ACH-001556,MERO25,WT,
ACH-001557,MERO41,WT,
ACH-001558,MERO48A,WT,
ACH-001559,MERO82,WT,
ACH-001560,MERO83,WT,
ACH-001562,MERO95,WT,
ACH-001563,MM127,WT,
ACH-001566,MM370,WT,
ACH-001567,MM383,WT,
ACH-001568,MM386,WT,
ACH-001570,MM426,WT,
ACH-001574,MOLM14,UNKNOWN,
ACH-001577,MUTZ8,UNKNOWN,
ACH-001578,NCCIT,WT,
ACH-001603,NH12,WT,
ACH-001605,NO10,WT,
ACH-001606,NO11,WT,
ACH-001607,NOZ,UNKNOWN,
ACH-001608,NP2,UNKNOWN,
ACH-001609,NP3,UNKNOWN,
ACH-001610,NP5,WT,
ACH-001611,NP8,WT,
ACH-001613,OCIAML4,UNKNOWN,
ACH-001616,OCILY18,UNKNOWN,
ACH-001618,OCIM2,UNKNOWN,
ACH-001619,OCUG1,UNKNOWN,
ACH-001622,ONDA7,UNKNOWN,
ACH-001623,ONDA8,UNKNOWN,
ACH-001624,ONDA9,WT,
ACH-001625,OSC19,WT,
ACH-001626,OSC20,WT,
ACH-001627,P4E6,UNKNOWN,
ACH-001628,PEA1,UNKNOWN,
ACH-001630,PEO1,WT,
ACH-001632,PEO4,UNKNOWN,
ACH-001634,PGA1,UNKNOWN,
ACH-001639,ROS50,WT,
ACH-001641,SAT,WT,
ACH-001642,SCC3,WT,
ACH-001643,SCCH196,UNKNOWN,
ACH-001645,SEKI,WT,
ACH-001647,SHI1,UNKNOWN,
ACH-001648,SHMAC4,UNKNOWN,
ACH-001649,SHMAC5,UNKNOWN,
ACH-001650,SISO,MUT,"G12D,K185Nfs*4"
ACH-001651,SKGI,UNKNOWN,
ACH-001652,SKGII,UNKNOWN,
ACH-001653,SKGT2,WT,
ACH-001654,SKGT4,MUT,G12A
ACH-001655,SKN,WT,
ACH-001656,SKNO1,WT,
ACH-001662,SNU2372,UNKNOWN,
ACH-001664,SNU638,UNKNOWN,
ACH-001668,SUSA,UNKNOWN,
ACH-001669,TANOUE,UNKNOWN,
ACH-001670,TASK1,WT,
ACH-001673,TFK1,WT,
ACH-001674,TGW,WT,
ACH-001675,TR146,UNKNOWN,
ACH-001676,TY82,UNKNOWN,
ACH-001677,U2904,UNKNOWN,
ACH-001683,UACC3133,UNKNOWN,
ACH-001685,UHO1,UNKNOWN,
ACH-001687,UMRC3,UNKNOWN,
ACH-001688,UMRC7,UNKNOWN,
ACH-001690,UPCISCC026,UNKNOWN,
ACH-001691,UPCISCC029A,UNKNOWN,
ACH-001692,UPCISCC040,UNKNOWN,
ACH-001694,UPCISCC074,UNKNOWN,
ACH-001695,UPCISCC099,UNKNOWN,
ACH-001696,UPCISCC111,UNKNOWN,
ACH-001698,UPCISCC116,UNKNOWN,
ACH-001699,UPCISCC131,UNKNOWN,
ACH-001701,UPCISCC200,UNKNOWN,
ACH-001702,VAESBJ,WT,
ACH-001707,WAOSEL,UNKNOWN,
ACH-001709,WSUNHL,WT,
ACH-001711,PFSK1,WT,
ACH-001715,CAL72,WT,
ACH-001719,OCIC4P,UNKNOWN,
ACH-001735,SEMK2,UNKNOWN,
ACH-001736,HB1119,UNKNOWN,
ACH-001737,CTV1DM,UNKNOWN,
ACH-001740,RH28,WT,
ACH-001745,RHJT,WT,
ACH-001750,TTC442,WT,
ACH-001765,RH4,WT,
ACH-001786,SNU1544,UNKNOWN,
ACH-001791,LPS6,UNKNOWN,
ACH-001793,LPS27,UNKNOWN,
ACH-001794,93T449,UNKNOWN,
ACH-001795,94T778,UNKNOWN,
ACH-001796,95T1000,UNKNOWN,
ACH-001799,LPS141,UNKNOWN,
ACH-001802,LPS853,UNKNOWN,
ACH-001804,LPS510,UNKNOWN,
ACH-001814,OS252,UNKNOWN,
ACH-001819,MFM223,WT,
ACH-001820,COLO824,WT,
ACH-001834,MGHICC10,UNKNOWN,
ACH-001835,MGHICC106,UNKNOWN,
ACH-001836,MGHICC108,UNKNOWN,
ACH-001838,MGHICC12,UNKNOWN,
ACH-001839,MGHICC137,UNKNOWN,
ACH-001841,MGHECC3,UNKNOWN,
ACH-001842,MGHICC2,UNKNOWN,
ACH-001843,MGHECC4,UNKNOWN,
ACH-001844,MGHICC4,UNKNOWN,
ACH-001848,MGHICC8,UNKNOWN,
ACH-001849,MGHICC9,UNKNOWN,
ACH-001850,G415,UNKNOWN,
ACH-001852,HKGZCC,UNKNOWN,
ACH-001853,KMCH1,UNKNOWN,
ACH-001856,RBE,UNKNOWN,
ACH-001857,SG231,UNKNOWN,
ACH-001858,SSP25,UNKNOWN,
ACH-001861,TGBC1TKB,WT,
ACH-001862,TGBC52TKB,UNKNOWN,
ACH-001863,TKKK,UNKNOWN,
ACH-001864,YSCCC,UNKNOWN,
ACH-001959,CCLP1,UNKNOWN,
ACH-001960,CCSW1,UNKNOWN,
ACH-001961,MGHGB2,UNKNOWN,
ACH-001970,MM253,UNKNOWN,
ACH-001972,MM473,UNKNOWN,
ACH-001973,MM485,UNKNOWN,
ACH-001975,MM576,UNKNOWN,
ACH-001977,NO36,UNKNOWN,
ACH-001982,NZM3,UNKNOWN,
ACH-001986,NZM42,UNKNOWN,
ACH-001990,NZM7,UNKNOWN,
ACH-001991,NZOV9,UNKNOWN,
ACH-001992,ONE58,UNKNOWN,
ACH-001993,NALM16,UNKNOWN,
ACH-001997,MGHAOVC1,UNKNOWN,
ACH-001999,9505BIK,UNKNOWN,
ACH-002001,A375SKINCJ1,UNKNOWN,
ACH-002002,A375SKINCJ2,UNKNOWN,
ACH-002003,A375SKINCJ3,UNKNOWN,
ACH-002004,UACC62SKINCJ1,UNKNOWN,
ACH-002005,SKMEL19,UNKNOWN,
ACH-002014,MEL270,UNKNOWN,
ACH-002015,MEL285,WT,
ACH-002016,MEL290,UNKNOWN,
ACH-002018,OMM25,WT,
ACH-002019,HOKUG,UNKNOWN,
ACH-002020,SKGIIIA,WT,
ACH-002021,T3M3,UNKNOWN,
ACH-002023,TGBC18TKB,UNKNOWN,
ACH-002024,ECC4,WT,
ACH-002025,TT1TKB,UNKNOWN,
ACH-002026,HHUA,UNKNOWN,
ACH-002027,HOUAI,UNKNOWN,
ACH-002029,SAS,WT,
ACH-002030,SA3,UNKNOWN,
ACH-002033,HMMME,UNKNOWN,
ACH-002035,LCAM1,UNKNOWN,
ACH-002039,PK8,UNKNOWN,
ACH-002040,HMVII,WT,
ACH-002041,HOTHC,UNKNOWN,
ACH-002042,T3M5,UNKNOWN,
ACH-002043,CA922,WT,
ACH-002044,HSQ89,UNKNOWN,
ACH-002045,HO1U1,WT,
ACH-002046,HTMMT,UNKNOWN,
ACH-002048,RMSYM,UNKNOWN,
ACH-002051,LU134A,WT,
ACH-002052,LU139,WT,
ACH-002055,TL1,UNKNOWN,
ACH-002059,P30OHK,WT,
ACH-002060,MY,UNKNOWN,
ACH-002061,P2URK562,UNKNOWN,
ACH-002062,SLVL,WT,
ACH-002066,HSSCH2,UNKNOWN,
ACH-002067,NOS1,WT,
ACH-002069,HSOS1,UNKNOWN,
ACH-002070,HKBMM,UNKNOWN,
ACH-002077,LU165,WT,
ACH-002080,TN2,UNKNOWN,
ACH-002083,NB69,WT,
ACH-002084,MMAC,UNKNOWN,
ACH-002105,ES4,WT,
ACH-002106,ES5,WT,
ACH-002109,ES8,WT,
ACH-002110,EW1,WT,
ACH-002114,EW16,WT,
ACH-002116,EW22,WT,
ACH-002119,EW7,WT,
ACH-002140,HEY,MUT,G12D
ACH-002141,HSC39,WT,
ACH-002143,ISTMEL1,WT,
ACH-002150,LB1047RCC,WT,
ACH-002156,LC1SQ,WT,
ACH-002160,MCIXC,WT,
ACH-002161,MKN28,WT,
ACH-002179,OCUBM,WT,
ACH-002181,OVCA420,WT,
ACH-002183,OVMIU,WT,
ACH-002186,PL4,MUT,G12D
ACH-002189,RCCFG2,WT,
ACH-002198,SCH,WT,
ACH-002202,TMK1,WT,
ACH-002204,UCH2,WT,
ACH-002210,ARH77,WT,
ACH-002212,BB30HNC,WT,
ACH-002214,BC1,WT,
ACH-002215,BC3,WT,
ACH-002228,D423MG,WT,
ACH-002229,D502MG,WT,
ACH-002230,D542MG,WT,
ACH-002233,DIFI,WT,
ACH-002234,DOK,WT,
ACH-002239,H3118,WT,
ACH-002243,HCE4,WT,
ACH-002247,IM9,WT,
ACH-002249,JHU011,WT,
ACH-002250,JHU022,WT,
ACH-002251,JHU029,WT,
ACH-002257,KINGS1,WT,
ACH-002261,KPNYS,WT,
ACH-002263,KYSE220,WT,
ACH-002265,LB771HNC,WT,
ACH-002269,LNZTA3WT4,WT,
ACH-002278,NB10,WT,
ACH-002280,NB13,WT,
ACH-002282,NB17,WT,
ACH-002283,NB5,WT,
ACH-002284,NB6,WT,
ACH-002285,NB7,WT,
ACH-002291,NTERA2CLD1,WT,
ACH-002294,PCI15A,WT,
ACH-002295,PCI30,WT,
ACH-002296,PCI38,WT,
ACH-002297,PCI4B,WT,
ACH-002298,PCI6A,WT,
ACH-002304,SKMG1,WT,
ACH-002305,SKN3,WT,
ACH-002399,21NT,UNKNOWN,
ACH-002400,21MT1,UNKNOWN,
ACH-002401,21MT2,UNKNOWN,
ACH-002446,CCLFUPGI0005T,UNKNOWN,
ACH-002458,HT144SKINFV1,UNKNOWN,
ACH-002460,HT144SKINFV2,UNKNOWN,
ACH-002461,RVH421SKINFV1,UNKNOWN,
ACH-002462,RPE1SS48,UNKNOWN,
ACH-002463,RPE1SS77,UNKNOWN,
ACH-002464,RPE1SS6,UNKNOWN,
ACH-002465,RPE1SS119,UNKNOWN,
ACH-002467,RPE1SS51,UNKNOWN,
ACH-002470,OS186,UNKNOWN,
ACH-002471,OS052,UNKNOWN,
ACH-002475,HAP1,UNKNOWN,
ACH-002478,BC2,WT,
ACH-002485,MAVER1,WT,
ACH-002486,MESOV,UNKNOWN,
ACH-002490,NCIH1882,UNKNOWN,
ACH-002499,UACC3199,UNKNOWN,
ACH-002500,Z138,WT,
ACH-002508,WM3211,UNKNOWN,
ACH-002510,M040416,UNKNOWN,
ACH-002511,M140325,UNKNOWN,
ACH-002512,MM160113,UNKNOWN,
ACH-002522,SNU2292,UNKNOWN,
ACH-002523,SNU739,UNKNOWN,
ACH-002524,SNU251,UNKNOWN,
ACH-002526,SNU1327,UNKNOWN,
ACH-002528,SNU267,UNKNOWN,
ACH-002530,SNU977,UNKNOWN,
ACH-002531,SNU2535,UNKNOWN,
ACH-002533,SNU482,UNKNOWN,
ACH-002535,SNU254,UNKNOWN,
ACH-002538,SNU1235,UNKNOWN,
ACH-002544,SNU1750,UNKNOWN,
ACH-002647,CCC5,UNKNOWN,
ACH-002650,ETCC016,UNKNOWN,
ACH-002654,JVE015,UNKNOWN,
ACH-002659,JVE127,UNKNOWN,
ACH-002660,JVE187,UNKNOWN,
ACH-002662,JVE207,UNKNOWN,
ACH-002664,JVE253,UNKNOWN,
ACH-002669,KP363T,UNKNOWN,
ACH-002672,MAPACHS77,UNKNOWN,
ACH-002677,U2946,UNKNOWN,
ACH-002678,WILL1,UNKNOWN,
ACH-002680,170MGBA,UNKNOWN,
ACH-002681,538MGBA,UNKNOWN,
ACH-002687,WM3772F,UNKNOWN,
ACH-002690,OS526,UNKNOWN,
ACH-002693,S462,UNKNOWN,
ACH-002705,IS076P,UNKNOWN,
ACH-002706,IS076A,UNKNOWN,
ACH-002708,DL221,UNKNOWN,
ACH-002709,CMS,UNKNOWN,
ACH-002710,MPNST724,UNKNOWN,
ACH-002711,UMHACC2A,UNKNOWN,
ACH-002778,NCCOS1X2C1,UNKNOWN,
ACH-002780,NCCES1C1,UNKNOWN,
ACH-002782,NCCUPS1C1,UNKNOWN,
ACH-002784,NCCUPS2C1,UNKNOWN,
ACH-002785,NCCLMS1C1,UNKNOWN,
ACH-002792,NCCCCS1BC1,UNKNOWN,
ACH-002799,NCCMPNST1C1,UNKNOWN,
ACH-002800,NCCMPNST2C1,UNKNOWN,
ACH-002801,NCCMPNST3C1,UNKNOWN,
ACH-002806,TB096,UNKNOWN,
ACH-002834,OS384,UNKNOWN,
ACH-002847,YUHOIN,UNKNOWN,
ACH-002922,SKNMM,UNKNOWN,
ACH-002925,UPMM3,UNKNOWN,
ACH-002926,UPMD1,UNKNOWN,
ACH-002928,MM100511,UNKNOWN,
ACH-003012,A549CRAFKD,UNKNOWN,
ACH-003177,NRHUPS1,UNKNOWN,
ACH-003180,NRHUPS2,UNKNOWN,
ACH-003184,NRHLMS2,UNKNOWN,
ACH-003191,NRHGCT2,UNKNOWN,
